CODVIA;DENOMINAZIONE
50;VIA GIUSEPPE CESARE ABBA
70;VIA NICOLO' DELL'ABATE
100;VIA DELL'ABBADIA
150;VIA ABRUZZO
250;VIA DEGLI ACERI
300;VIA ACHILLINI
350;GALLERIA GIOVANNI ACQUADERNI
370;ROTONDA ACQUA FRESCA
400;VIA FRANCESCO ACRI
450;VIA ADIGE
500;VIA DELL'AEROPORTO
550;VIA AUGUSTO AGLEBERT
600;VIA S.AGNESE
650;VIA MARIA GAETANA AGNESI
700;VIA DEGLI AGRESTI
750;VIA AGUCCHI
770;VIA DOMENICO AIMO
800;VIA ALAMANDINI
830;VIA ALBA
850;VIA FRANCESCO ALBANI
900;VIA DEGLI ALBARI
950;VIA ALBERELLI
1000;VIA FRANCESCO ALBERGATI
1050;VIA ADOLFO ALBERTAZZI
1100;VIA LEANDRO ALBERTI
1150;VIA ALBERTO MARIO
1200;VIA PIETRO ALBERTONI
1230;VIA CESARE ALBICINI
1250;VIA GIUSEPPE ALBINI
1270;VIA TOMASO ALBINONI
1300;VIA ALBIROLI
1330;VIA TADDEO ALDEROTTI
1350;VIALE ANTONIO ALDINI
1400;PIAZZA ALDROVANDI
1450;VICOLO ALEMAGNA
1500;VIA ALESSANDRINI
1530;VIA FRANCO ALFANO
1550;VIA VITTORIO ALFIERI
1580;VIA ALFONSINE
1600;VIA ALESSANDRO ALGARDI
1630;VIA SALVADOR ALLENDE
1650;VIA S.ALO'
1700;VIA ALTABELLA
1750;VIA ALTASETA
1800;VIA ARGENTINA ALTOBELLI
1850;VIA ALTURA
1900;VIA MICHELE AMARI
1950;VIA ROMOLO AMASEO
1980;VIA FLORIANO AMBROSINI
2000;VIA GIOVANNI AMENDOLA
2020;PIAZZALE LUCIANO ANCESCHI
2050;VIA ANDREA DA FAENZA
2100;VIA ISABELLA ANDREINI
2150;VIA MASSIMILIANO ANGELELLI
2200;VIA DEGLI ANGELI
2250;VIA DELL'ANGELO CUSTODE
2300;VIA S.ANNA
2350;VIA SS.ANNUNZIATA
2400;VIA FILIPPO ANTOLINI
2430;VIA ALESSANDRO ANTONELLI
2450;VIA ANTONELLO DA MESSINA
2550;VIA ANTONIO DI VINCENZO
2580;VIA ANTONIOTTO USODIMARE
2600;VIA S.APOLLONIA
2650;VIA APOSAZZA
2700;VIA GIULIO CESARE ARANZIO
2730;VIA FRANCESCO ARCANGELI
2750;VICOLO S.ARCANGELO
2800;VIA DELL'ARCHIGINNASIO
2850;VIA DELL'ARCOBALENO
2900;VIA DELL'ARCOVEGGIO
2930;VIA ROBERTO ARDIGO'
2950;VIA ARETUSI
3000;VIA FILIPPO ARGELATI
3050;VIA DELL'ARGINE
3070;VIA ARGONNE
3100;VIA ARIENTI
3110;ROTONDA GIOVANNI SABADINO DEGLI ARIENTI
3130;VICOLO DEGLI ARIOSTI
3150;VIA ARIOSTO
3200;VIA DELLE ARMI
3230;VIA ARNALDO DA BRESCIA
3250;VIA BRUNO ARNAUD
3300;VIA ARNO
3330;VIA ARDUINO ARRIGUZZI
3350;VIA DEGLI ARTIERI
3400;VIA DELL'ARTIGIANO
3450;VIA ETTORE ASCOLI
3500;VIA ASIAGO
3550;VIA AMICO ASPERTINI
3570;VIA GIUSEPPE ATTI
3600;VIA RODOLFO AUDINOT
3650;VIA DELL'AURORA
3700;VIA AVESELLA
3750;VIA D'AZEGLIO
3800;MURA DI PORTA D'AZEGLIO
3850;PIAZZA MANFREDI AZZARITA
3900;VIA AZZO GARDINO
3950;VIA BALDASSARRE AZZOGUIDI
3980;VIA TITO AZZOLINI
4000;VIA AZZURRA
4030;P.LE ATLETI AZZURRI D'ITALIA
4050;PIAZZALE GIUSEPPE BACCHELLI
4060;PONTE RICCARDO BACCHELLI
4070;VIA A. BACCHI DELLA LEGA
4080;VIA GIOVANNI SEBASTIANO BACH
4100;VIA BAGNI DI MARIO
4150;VIA BAINSIZZA
4200;VIA BALDA
4230;PIAZZALE CAMILLO BALDI
4250;VIA NULLO BALDINI
4300;VIA LUIGI BALUGANI
4330;VIA HONORE' DE BALZAC
4340;VIA BALZANI
4350;VIA GRAZIOLO BAMBAGLIOLI
4400;VIA ADRIANO BANCHIERI
4430;VIA GIUSEPPE BANDI
4450;VIA IRMA BANDIERA
4480;VIA FRANCESCO BARACCA
4500;VIA DEL BARACCANO
4550;PIAZZA DEL BARACCANO
4580;VIA ALFREDO BARBACCI
4600;VIA S. BARBARA
4650;VICOLO BARBAZZI
4700;VIA BARBERIA
4750;VIA DI BARBIANO
4780;VIA CLELIA BARBIERI
4800;VIA FRANCESCO BARBIERI
4850;VIA DELLA BARCA
4900;VIA AGOSTINO BARELLI
4950;VIA DEL BARGELLINO
4960;ROTONDA AUGUSTO BARONI
4970;VIA PAOLO BARONI
5000;VIA ILIO BARONTINI
5030;VIA IACOPO BAROZZI
5050;VIA DEL BARROCCIO
5100;VIA FRANCESCO BARTOLI
5150;VIA LORENZO BARTOLINI
5180;VIA BARTOLOMEO DA VARIGNANA
5200;VIA CINCINNATO BARUZZI
5250;VIA ANTONIO BASOLI
5300;VIA BASSA DEI SASSI
5350;VIA SARIO BASSANELLI
5380;VIA BASSANO DEL GRAPPA
5400;GALLERIA UGO BASSI
5450;VIA UGO BASSI
5500;VIA LAURA BASSI VERATTI
5550;LA BASTIA
5600;VIA MARIO BASTIA
5640;ROTONDA BATTAGLIA DI CASTELDEBOLE
5650;VIA DELLA BATTAGLIA
5680;VIA FELICE BATTAGLIA
5700;VIA BATTIBECCO
5750;VIA DEL BATTIFERRO
5800;VIA BATTINDARNO
5830;VIA DEL BATTIRAME
5850;VIA LIBERO BATTISTELLI
5900;VIA CESARE BATTISTI
5910;VIA EMILIO BAUMANN
5950;VIA DEL BECCACCINO
5960;VIA DON GIUSEPPE BEDETTI
5970;VIA LUDWIG VAN BEETHOVEN
5980;VIA LODOVICO BECCADELLI
6000;VIA JACOPO B.BECCARI
6050;VIA BEGATTO
6100;VIA BELFIORE
6150;VIA BELLACOSTA
6200;VIA BELLARIA
6250;VIA DELLE BELLE ARTI
6280;VIA ATHOS BELLETTINI
6300;VIA GIOACCHINO G. BELLI
6350;VIA VINCENZO BELLINI
6400;VIA BELLINZONA
6450;VIA BELLOMBRA
6500;PIAZZA BELLUNO
6550;VIA ODONE BELLUZZI
6600;VIA BELMELORO
6650;VIA BELVEDERE
6680;LARGO GIULIANO BENASSI
6700;VIA BENAZZA
6750;VIA DANTE BENAZZI
6800;VIA BRUNO BENCIVENNI
6830;SALITA DI SAN BENEDETTO
6850;VIA BENEDETTO XIV
6900;VIA FERRUCCIO BENINI
6930;VIA FILIPPO BENIZZI
6950;VIA GENUZIO BENTINI
7000;VIA GIUSEPPE BENTIVOGLI
7040;VIALE GIOVANNI II BENTIVOGLIO
7050;VIA PAOLO BENTIVOGLIO
7070;ROTONDA SANTE BENTIVOGLIO
7100;VIA ANGELO BEOLCO
7150;VIA BERENGARIO DA CARPI
7200;VIA ALFREDO BERGAMI
7250;VIA ALBERTO BERGAMINI
7300;VIA LIBERO BERGONZONI
7350;VIA DELLA BERLETA
7370;VIA ENRICO BERLINGUER
7400;VIA ELIO BERNARDI
7430;PIAZZA GIOVANNI BERNARDI
7440;ROTONDA FULVIO BERNARDINI
7450;VIA GIOVANNI LORENZO BERNINI
7500;VIA FILIPPO BEROALDO
7550;VIA BERRETTA ROSSA
7600;VIA DEI BERSAGLIERI
7650;VIA DI BERTALIA
7700;VIA LUIGI BERTELLI
7750;VIA LODOVICO BERTI
7800;VIALE CARLO BERTI PICHAT
7850;VIA BERTIERA
7900;VIA GIOVANNI BERTINI
7950;VIA NINO BERTOCCHI
7980;VIA LEONIDA BERTOLAZZI
8000;VIA ANTONIO BERTOLONI
8040;VIA LAURA BETTI
8050;VIA AMALIA BETTINI
8100;VIA DELLA BEVERARA
8130;VIA BEZZECCA
8140;PIAZZETTA MARCO BIAGI
8150;VICOLO BIANCHETTI
8200;VIA DOMENICO BIANCHINI
8250;VICOLO BIANCO
8300;VIA DOMENICO BIANCOLELLI
8350;VIA GIANLODOVICO BIANCONI
8400;VIA DEI BIBIENA
8450;VIA ETTORE BIDONE
8500;VIA VITTORIO BIGARI
8520;VIA AGOSTINO BIGNARDI
8550;VIA DELLE BISCIE
8600;VIA NINO BIXIO
8650;VIA GIOVANNI BOCCACCIO
8700;VIA BOCCA DI LUPO
8750;VIA UMBERTO BOCCIONI
8780;VIA MATTEO MARIA BOIARDO
8800;VIA CESARE BOLDRINI
8850;VICOLO BOLOGNETTI
8900;VIA RAFFAELE BOMBELLI
8930;VIA LUIGI BOMBICCI
8950;VIA PAGANINO BONAFEDE
8970;VIA ROMANO BONAGA
9000;PIAZZA CLODOVEO BONAZZI
9050;VIA ALESSANDRO BONCI
9100;VIA ANTONIO BONDI
9150;VIA OTELLO BONVICINI
9200;VICOLO BORCHETTA
9250;VIA DEL BORDONE
9300;VIA FRATELLI BORDONI
9320;VIA LYDA BORELLI
9330;VIA GIUSEPPE BORGATTI
9340;VIA GIANGUIDO BORGHESE
9350;VIA DEL BORGHETTO
9400;VIA ADELAIDE BORGHI MAMO
9450;VIA DEL BORGO DI S.PIETRO
9500;VIA DEI BORGOGNONI
9550;VIA BORGOLOCCHI
9600;VIA BORGONUOVO
9650;VIA DELLE BORRE
9700;VIA GIROLAMO BORSELLI
9750;VIA AMILCARE BORTOLOTTI
9800;VICOLO DEL BOSCO
9820;VIA STEFANO BOTTARI
9830;VIA GIUSEPPE BOSI
9840;VIA VITTORIO BOTTEGO
9850;VIA SANDRO BOTTICELLI
9870;VIA GIOVANNI BOTTONELLI
9900;VIALE MEDARDO BOTTONELLI
9950;VIA GAETANO BOTTRIGARI
9980;VIA BOVES
10000;VIA PAOLO BOVI CAMPEGGI
10030;VIA ELIO BRAGAGLIA
10050;VIA BRAINA
10060;VIA DONATO BRAMANTE
10070;VIA BRENTA
10090;LARGO BRESCIA
10100;VIA LUIGI BREVENTANI
10130;VIA BRIGATA BOLERO
10140;ROTONDA BRIGATA PARACADUTISTI FOLGORE
10150;VIA BRIGATE PARTIGIANE
10200;VIA GIUSEPPE BRINI
10250;VIA EDOARDO BRIZIO
10300;VIA FRANCESCO BRIZZI
10350;VIA BROCCAINDOSSO
10380;VIA GIACOMO BRODOLINI
10400;VICOLO BROGLIO
10450;VIA GIOVANNI BRUGNOLI
10480;PIAZZALE PIETRO BRUNE'
10500;VIA UMBERTO BRUNELLI
10520;VIA GIORDANO BRUNO
10530;VIALE MASSIMILIANO BRUNO
10550;VIA BRUSCHETTI
10570;ROTONDA PIETRO BUBANI
10600;VIA MAURIZIO BUFALINI
10650;VIA MICHELANGIOLO BUONARROTI
10670;VIA BUON PASTORE
10690;ROTONDA GIULIO  PASTORE
10700;VIA BRUNO BUOZZI
10730;VIA PIETRO BURGATTI
10750;VIA PIETRO BUSACCHI
10800;VIA ARISTIDE BUSI
10850;VIA LUIGI BUSI
10900;VIA DE' BUTTIERI
10930;VIA RAMBERTINO BUVALELLI
10940;VIA BYRON
10950;VIA DELLA CA' BIANCA
11000;VIA SEBASTIANO CABOTO
11050;VIA CADRIANO
11080;VIA CADUTI DELLA VIA FANI
11100;LARGO CADUTI DEL LAVORO
11120;VIA CADUTI DI AMOLA
11130;VIA CADUTI DI CASTELDEBOLE
11150;VIA CADUTI DI CEFALONIA
11180;ROTONDA CADUTI DI NASSIRYA
11200;PIAZZA CADUTI DI S.RUFFILLO
11210;ROTONDA CADUTI ITALIANI IN MISSIONE DI PACE
11220;VIA CADUTI E DISP. IN GUERRA
11230;VIA CAGLIARI
11250;VIA CAIROLI
11300;VIA CALABRIA
11350;VIA CALAMOSCO
11400;VIA CALANCO
11440;ROTONDA GINO CALARI
11450;VIA MONALDO CALARI
11500;VIA CALATAFIMI
11550;VIA CALCAVINAZZI
11570;ROTONDA MADRE TERESA DI CALCUTTA
11600;VIA ALBERTO CALDA
11650;VIA CALDARESE
11700;PIAZZA CALDERINI
11730;VIA DEI CALIGARI
11750;VIA SERAFINO CALINDRI
11800;VIA LUIGI CALORI
11850;VIA DIONISIO CALVART
11900;VIA PIER FORTUNATO CALVI
11950;VIA ALFREDO CALZOLARI
12000;VIA CALZOLERIE
12050;VIA ALFREDO CALZONI
12100;VIA CROCE DI CAMALDOLI
12150;VIA CAMONIA
12200;VIA DELLA CAMPAGNA
12220;VIA SIGISMONDO CAMPAGNOLI
12230;VIA TOMMASO CAMPANELLA
12240;VIA DINO CAMPANA
12250;VIA DEL CAMPEGGIO
12300;VIA ANTONIO CANALETTO
12320;VIA PAOLO CANALI
12330;ROTONDA DANTE CANE'
12340;VIA DELLA CANAPA
12350;VIA DEL CANE
12400;VIA CANONICA
12420;VIA PIETRO CANONICI
12450;VIA ANTONIO CANOVA
12500;VIA PIETRO CANTINELLI
12550;VIA DOMENICO MARIA CANUTI
12600;VIA ENRICO CAPELLI
12650;VIA GIOVANNI CAPELLINI
12680;PIAZZA ALDO CAPITINI
12700;VIA CAPO DI LUCCA
12720;VIA LICINIO CAPPELLI
12750;VIA CAPRAMOZZA
12800;VIA CAPRARIE
12820;VIA LUIGI CAPUANA
12830;VIA CARATON
12850;VIA CARAVAGGIO
12900;VIA CARBONARA
12930;PIAZZETTA DEI CARABINIERI
12950;VIA DE' CARBONESI
13000;VIA GIROLAMO CARDANO
13050;VIA DEL CARDO
13100;PIAZZA GIOSUE' CARDUCCI
13150;VIALE GIOSUE' CARDUCCI
13200;VICOLO CAREGA
13250;VIA GIAN GIACOMO CARISSIMI
13300;VIA CARLO CARLI
13350;VIA S.CARLO
13380;VIALE TITO CARNACINI
13400;VIA CA' ROSA
13450;VIA VITTORE CARPACCIO
13470;VIA FRATELLI CARPIGIANI
13480;VIA DEL CARPENTIERE
13500;VIA DE' CARRACCI
13550;VIA BALDASSARRE CARRATI
13600;VIA DEI CARRETTIERI
13650;VIA DEL CARRO
13700;VIA DEL CARROCCIO
13730;VIA DEL CARROZZAIO
13750;VIA DEL CARSO
13800;VIA CARTOLERIA
13850;VIA ENRICO CARUSO
13880;VIA DELLA CASA BUIA
13900;VIA DI CASAGLIA
13930;VIA ACHILLE CASANOVA
13950;VIA CAMILLO CASARINI
14000;VIA VINCENZO CASCIAROLO
14050;VICOLO CASE
14100;VIA CA' SELVATICA
14130;VIA TOMMASO CASINI
14150;VIA GIOVANNI CASONI
14200;VIA DELLE CASSE
14220;VIA GIOVANNI DOMENICO CASSINI
14230;VIA CASSINO
14250;VIA DE' CASTAGNOLI
14280;VIA CASTEL BOLOGNESE
14300;VIA CASTELDEBOLE
14350;VIA CASTELFIDARDO
14400;VIA CASTELLACCIO
14450;LOCALITA' CASTELL'ARIENTI
14500;VIA CASTELLATA
14550;VIA CASTELMERLO
14600;VIA CASTEL TIALTO
14650;LA CASTIGLIA
14680;PIAZZA LA VENETA
14700;VIA CASTIGLIONE
14750;MURA DI PORTA CASTIGLIONE
14800;PIAZZA DI PORTA CASTIGLIONE
14850;VIA ALFREDO CATALANI
14900;VIA PIETRO ANTONIO CATALDI
14950;VIA S.CATERINA
14970;VIA SANTA CATERINA DI QUARTO
15000;VIA CARLO CATTANEO
15050;VICOLO CATTANI
15100;VIA DELLA CAVA
15150;VIA CAVAIONI
15190;VIA BONAVENTURA CAVALIERI
15200;VIA ANTONIO CAVALIERI DUCATI
15230;VIA CAVALLINA
15250;VIA FELICE CAVALLOTTI
15300;VIA FRANCESCO CAVAZZA
15350;VIA FRANCESCO CAVAZZONI
15400;VIA CAVEDONE
15430;VIALE SERGIO CAVINA
15450;GALLERIA CAVOUR
15500;PIAZZA CAVOUR
15550;VIA DELLA CAVRIOLA
15580;VIA ANTON PAVLOVIC CECHOV
15600;PIAZZA DE' CELESTINI
15650;VIA BENVENUTO CELLINI
15680;VIA GIORGIO CENCETTI
15700;VIA GIUSEPPE CENERI
15730;VIA DELLA CENTRALINISTA
15750;VIA CENTOTRECENTO
15760;VIA DEL CERAMISTA
15770;VIA GIOVANNI CERBAI
15800;VIA DEL CERCHIO
15820;VIA GIUSEPPE CERI
15850;VIA CERODOLO
15900;VIA DELLA CERTOSA
15950;VIA MICHELE CERVANTES
15980;VIA ALESSANDRO CERVELLATI
16000;VIA FRATELLI CERVI
16010;VIA GINO CERVI
16030;VIA CESARE OTTAVIANO
16050;VIA EZIO CESARINI
16080;VIA CESENA
16100;VIA BARTOLOMEO CESI
16130;VIA DELLA CESOIA
16150;VIA DEL CESTELLO
16200;VIA LUIGI CHERUBINI
16250;VIA S.CHIARA
16300;VIA DE' CHIARI
16320;VIA GILDA CHIARI ALLEGRETTI
16330;VIA GIOVANNI CHIARINI
16350;VIA CHIESA CALAMOSCO
16400;VIA DEL CHIU'
16450;VIA CHIUDARE
16500;VIA CHIUSA
16550;VIA FEDERICO CHOPIN
16600;VIA GIACOMO CIAMICIAN
16620;VIA CICERUACCHIO
16630;VIA ANTONIO CICU
16650;VIA CARLO CIGNANI
16700;VIA FRANCESCO CILEA
16750;VIA CIMABUE
16800;VIA DOMENICO CIMAROSA
16850;VIA CINO DA PISTOIA
16900;VIA LEONETTO CIPRIANI
16930;VIA ALDO CIVIDALI
16950;VIA CLAVATURE
17000;VIA ALESSANDRO CODIVILLA
17050;VIA COL DI LANA
17100;VIA EDOARDO COLLAMARINI
17150;VIA COLLEGIO DI SPAGNA
17200;VIA DEI COLLI
17250;VIA CARLO COLLODI
17300;VIA COLOMBAROLA
17320;VIA ARTURO COLOMBI
17350;VICOLO COLOMBINA
17400;VIA CRISTOFORO COLOMBO
17450;VIA ANGELO MICHELE COLONNA
17470;PIAZZA DEI COLORI
17500;VIA DE' COLTELLI
17550;VIA DE' COLTELLINI
17600;VIA COMMENDA
17630;VIA DEL COMMERCIO ASSOCIATO
17650;VIA LUIGI CONCATO
17680;VIA DEL CONCIATORE
17700;VIA DELLA CONCORDIA
17710;ROTONDA CONSIGLIO D'EUROPA
17730;VIA DELLA COOPERAZIONE
17750;VIA NICOLO' COPERNICO
17780;VIA FAUSTO COPPI
17790;VIA ARCANGELO CORELLI
17800;VIA DE' CORIGHI
17810;VIA NATALINO CORAZZA
17820;VIA CAROLINA CORONEDI BERTI
17830;VIA ALFONSO CORRADI
17850;VIA CESARE CORRENTI
17900;VIA CORSICA
17930;VIA GIOVAN BATTISTA CORTESI
17950;VIA DI CORTICELLA
17980;VIA ALESSANDRO CORTICELLI
18000;VIA ANDREA COSTA
18050;VIA LORENZO COSTA
18100;VIA PAOLO COSTA
18150;PIAZZA DELLA COSTITUZIONE
18180;VIA CRACOVIA
18200;VIA TRANQUILLO CREMONA
18250;VIA GIUSEPPE CRESPI
18300;VIA DONATO CRETI
18350;VIALE RINO CRISTIANI
18400;VIA CRISTOFORO DA BOLOGNA
18420;VIA CROARA
18430;ROTONDA BENEDETTO CROCE
18450;VIA GIULIO CESARE CROCE
18500;VIA S.CROCE
18550;VIA DELLA CROCE COPERTA
18600;VIA DELLA CROCETTA
18650;VIA CROCIALI
18700;VIA CROCIONE
18720;ROTONDA MARIA ADELE CROCIONI MICHELINI
18730;VIA GIOVANNI CROCIONI
18750;VIA FILIPPO E ANGELO CUCCOLI
18780;VIA CUNEO
18800;VIA EUGENIO CURIEL
18820;VIA GIROLAMO CURTI
18830;VIA ANDREA DA FORMIGINE
18850;VIA GIUSEPPE DAGNINI
18900;VIA DALLA VOLTA
18950;VIA DAL LINO
19000;VIA ALBERTO DALLOLIO
19020;VIA BARTOLOMEO MARIA DAL MONTE
19030;VIA MARINO DALMONTE
19040;VIA GIOVANNI GIOSEFFO DAL SOLE
19050;VICOLO DELLE DAME
19100;VICOLO S.DAMIANO
19150;VIA FRATELLI DANDOLO
19180;VIA GABRIELE D'ANNUNZIO
19200;VIA DANTE
19210;VIA EGNAZIO DANTI
19240;VIA CARLO DARWIN
19250;VIA PIER LUIGI DA PALESTRINA
19260;VIA CARDINALE G. DE ALBORNOZ
19270;VIA ALCESTE DE AMBRIS
19280;VIA CRISTINA DA PIZZANO
19300;VIA EDMONDO DE AMICIS
19310;ROTONDA DECORATI AL VALOR MILITARE
19320;GIARD.DECORATO VALORE CIVILE
19330;VIA ADOLFO DE CAROLIS
19340;VIA DEL DECORATORE
19350;VIA PIETRO DE COUBERTIN
19400;VIA PIER DE' CRESCENZI
19450;VIA DECUMANA
19470;ROTONDA CHARLES DE GAULLE
19480;VIALE ALCIDE DE GASPERI
19500;VIA FRANCESCA E.DE GIOVANNI
19550;VIA DE LA BIRRA
19600;VIA FRANCESCO DEL COSSA
19630;VIA GRAZIA DELEDDA
19640;VIALE FRANCESCO DELITALA
19650;VIA MONDINO DE LIUZZI
19700;VIA LUCA DELLA ROBBIA
19750;VIA ANDREA DEL VERROCCHIO
19800;VIA DE MARCHI
19850;VIA MARIO DE MARIA
19880;VIA ENRICO DE NICOLA
19900;VIA G.BATTISTA DE ROLANDIS
19950;VIA FERNANDO DE ROSA
20000;VIA FILIPPO DE PISIS
20050;VIA ERCOLE DE' ROBERTI
20060;VIA FRANCESCO DE SANCTIS
20070;VIA CARLO DICKENS
20080;VIA QUIRINO DI MARZIO
20100;VIA DELLA DIRETTISSIMA
20120;VIA DI SESTO
20150;VIA GIUSEPPE DI VAGNO
20200;VIA GIUSEPPE DI VITTORIO
20250;VIALE DODICI GIUGNO
20300;VIA POMPEO SCIPIONE DOLFI
20350;PIAZZA S.DOMENICO
20400;VIA S.DOMENICO
20430;VIA DOMODOSSOLA
20440;VIA DOMOKOS
20450;VIA DONATELLO
20460;ROTONDA ALEARDO DONATI
20470;VIA GIUSEPPE DONATI
20500;VIA S.DONATO
20550;PIAZZA DI PORTA S.DONATO
20570;VIA SAN DONNINO
20600;VIA GAETANO DONIZETTI
20650;VIA DELLE DONZELLE
20680;VIA PAOLO DORE
20690;VIA GIUSEPPE DOSSETTI
20700;VIA DOSSO DOSSI
20750;VIA CARLO FRANCESCO DOTTI
20800;VIA DELLA DOZZA
20830;VIA GIUSEPPE DOZZA
20850;VIA DRAPPERIE
20900;VIALE DANTE DRUSIANI
20930;VIA DUCCIO DI BONINSEGNA
20940;GALLERIA 2 AGOSTO 1980
20950;VIA DUE MADONNE
21000;VIA DUE PORTONI
21050;GALLERIA DUE TORRI
21100;VIA GIOVANNI DUPRE'
21150;VIA ELEONORA DUSE
21180;ROTONDA SANT'EGIDIO
21200;VIA EGNAZIA
21230;VIA LUIGI EINAUDI
21250;VIA ALBERTO EINSTEIN
21270;VIA GIOVANNI ELKAN
21280;VIA DELL'ELETTRICISTA
21300;VIA GIOVANNI EMANUEL
21350;VIA EMILIA LEVANTE
21400;VIA EMILIA PONENTE
21430;VIA FEDERIGO ENRIQUES
21450;VIA ERBOSA
21500;VIALE GIAN BATTISTA ERCOLANI
21540;VIALE JOSEMARIA ESCRIVA'
21550;VIA GIORGIO ERCOLANI
21570;VIA ETRURIA
21580;VIALE EUROPA
21600;VIA PAOLO FABBRI
21650;VICOLO DE' FACCHINI
21700;VIA PIETRO FACCINI
21710;VIA RAFFAELE FACCIOLI
21720;ROTONDA ARISTIDE FACCIOLI
21730;VIA FAENZA
21750;VIA DEL FAGGIOLO
21800;VICOLO DEL FALCONE
21810;GALLERIA FALCONE E BORSELLINO
21850;VIA DE' FALEGNAMI
21900;VIA PIO CARLO FALLETTI
21920;VIALE GIUSEPPE FANIN
21930;VIA PETRONIO FANCELLI
21940;VIA LUIGI FANTINI
21950;VICOLO FANTUZZI
21960;VIA MARIO FANTIN
21980;VIA FRANCESCO FANTONI
22000;VIA FARINI
22020;VIA LUIGINA FASOLI
22050;VIA GIOVANNI FATTORI
22090;VIA GIOVANNI FAVILLI
22100;VIA S.FELICE
22150;MURA DI PORTA S.FELICE
22200;PIAZZA DI PORTA S.FELICE
22250;VIA FELICINA
22300;VIA DEI FELICINI
22310;VIA FERNANDO FELICORI
22320;VIALE FELSINA
22330;VIA FELTRE
22340;VIA BEPPE FENOGLIO
22350;VIA ENRICO FERMI
22380;VIA FERRARA
22400;VIA FERRARESE
22440;VIA ENZO FERRARI
22450;VIA SEVERINO FERRARI
22500;VIA EDOARDO FERRAVILLA
22550;VIA ENRICO FERRI
22600;VIA DELLA FERRIERA
22620;VIA DEL FERROVIERE
22650;VIA ANTONIO FIACCHI
22680;VIA DON GIOVANNI FIAMMELLI
22700;VIA DEL FICO
22750;VIALE DELLA FIERA
22800;VIA DELLA FILANDA
22850;VIA FILIPPINI
22900;VIALE QUIRICO FILOPANTI
22950;VIA ANGELO FINELLI
23000;VIA MARIO FINZI
23050;VIA ARISTOTILE FIORAVANTI
23070;VIA GARZIA FIORESI
23100;VIA TIBERIO FIORILLI
23150;VIA PIETRO FIORINI
23200;VIA FIORITA
23230;VIA FIRENZE
23250;VIA ALESSANDRO FLEMING
23270;VIA FRANCESCO FLORA
23280;VIA ANTONIO FOGAZZARO
23300;VIA FONDAZZA
23330;VIA DEL FONDITORE
23350;VIA PROSPERO FONTANA
23400;VIA ANTONIO FONTANESI
23430;VIA FONTANINA
23450;VIA DELLE FONTI
23470;VIA FONTI DI CASAGLIA
23480;VIA FORLI'
23500;VIA DELLA FORNACE
23520;VIA DEI FORNACIAI
23550;VIA DON GIOVANNI FORNASINI
23570;ROTONDA ARNALDO FORNI
23580;VIA GHERARDO FORNI
23600;VIA DEL FORTE
23640;VIA PAOLO FORTUNATI
23650;VIA FERNANDO FORTUZZI
23700;VIA DELLA FOSCHERARA
23750;VIA DE' FOSCHERARI
23800;VIA UGO FOSCOLO
23820;VIA FOSSA CAVA
23850;VIA FOSSALTA
23900;VIA DEL FOSSATO
23950;VIA DELLE FOSSE ARDEATINE
24000;VIA FOSSOLO
24050;VIA FRABAZZA
24100;VIA DELLE FRAGOLE
24150;VIA MARCANTONIO FRANCESCHINI
24200;PIAZZA S.FRANCESCO
24250;VIA ALBERTO FRANCHETTI
24300;PIAZZA DEL FRANCIA
24350;VIA CARLO FRANCIONI
24400;VIA FRANCO BOLOGNESE
24410;VIA ANNA FRANK
24420;VIA FRANCOFORTE
24430;VIA DELLA FRASCA
24450;VIA FRASSINAGO
24480;VIA LODOVICO FRATI
24500;VIA DELLA FRATTA
24550;VIA S.FREDIANO
24600;VIA LEOPOLDO FREGOLI
24630;VIA DEL FRESATORE
24650;VIA GIROLAMO FRESCOBALDI
24700;VIA DI FRINO
24710;VIA PAOLO FRISI
24730;VIA FRIULI-VENEZIA GIULIA
24740;VIA RENATO FUCINI
24750;VIA DE' FUSARI
24760;VIA DELLA GABELLA
24770;VIA GIUSEPPE GABUSSI
24780;VIA YURI GAGARIN
24790;ROTONDA ARMANDO GAGLIANI
24800;VIA GAIBARA
24850;VIA DI GAIBOLA
24900;VIA GALEAZZA
24950;VIA ERMANNO GALEOTTI
25000;PIAZZA GALILEO
25050;VIA DUCCIO GALIMBERTI
25100;VIA GIUSEPPE GALLETTI
25150;VIA AUGUSTO GALLI
25200;VIA GALLIERA
25250;MURA DI PORTA GALLIERA
25300;CORTE DE' GALLUZZI
25350;PIAZZA GALVANI
25400;VIALE GINO GAMBERINI
25420;VIA PIETRO GAMBERINI
25430;VIALE M. KARAMCHAND GANDHI
25450;VIA GIOVAN BATTISTA GANDINO
25500;VIA DE' GANDOLFI
25550;VIA ANTONIO GANDUSIO
25600;VICOLO GANGAIOLO
25650;VIA FERRUCCIO GARAVAGLIA
25700;VIA ULISSE GARDINI
25750;VIA DE' GARGIOLARI
25800;VIA GARIBALDI
25850;VIA GAROFALO
25900;VIA GIOVANNI GARZONI
25910;ROTONDA ANTONIO GASBARRINI
25930;VIA ANGELO GATTI
25950;VIA AUGUSTO GAUDENZI
25960;VIA ARTURO GAZZONI
26000;VIA DEI GELSI
26050;VIA VINCENZO GEMITO
26100;VIA DEL GENIO
26130;VIA GENOVA
26150;VIA GERUSALEMME
26200;VIA S.GERVASIO
26250;VIA DEI GESSAROLI
26300;VIA DE' GESSI
26330;ROTONDA ARMANDO GHEDINI
26350;VIA GHERARDO GHERARDI
26360;ROTONDA PIETRO GHERARDINI
26400;VIA GHIARE
26450;VIA LORENZO GHIBERTI
26500;VIA LUCA GHINI
26550;VIA CHERUBINO GHIRARDACCI
26600;VIA GHERARDO GHIRARDINI
26650;VICOLO GHIRLANDA
26700;VIA ANTONIO F. GHISELLI
26750;VIA DELLA GHISILIERA
26800;VIA DEL GIACINTO
26850;VIA GIROLAMO GIACOBBI
26880;VIA ERCOLE GIACOMINI
26900;VIA S.GIACOMO
26930;VIA GIUSEPPE GIACOSA
26950;VIA GIAMBOLOGNA
27000;VIA PIETRO GIANNONE
27030;VIA DEI GIARDINI
27050;VIA BENIAMINO GIGLI
27100;VIA DEL GIGLIO
27130;VIA GIUSEPPE GIOANNETTI
27150;VICOLO S.GIOBBE
27200;VIA GAETANO GIORDANI
27250;VIA UMBERTO GIORDANO
27300;VIA S.GIORGIO
27350;VIA GIORGIONE
27400;VIA GIOTTO
27430;PIAZZA GIOVANNI DA VERRAZZANO
27450;P.ZZA S.GIOVANNI IN MONTE
27500;P.ZZA GIOVANNI XXIII
27550;VIA ALCESTE GIOVANNINI
27600;VIA DE' GIUDEI
27650;VIA S.GIULIANO
27680;VIA GIULIO II
27690;VIA GIUNIO BRUTO
27700;VIALE MARIO GIURINI
27710;VIA ANTONIO GIURIOLO
27750;VIA S.GIUSEPPE
27800;VIA GIUSEPPE GIUSTI
27850;VIA DON CARLO GNOCCHI
27900;VIA ENIO GNUDI
27910;VIA CESARE GNUDI
27930;VIA STEFANO GOBATTI
27950;VIA PIERO GOBETTI
27970;VIA WOLFGANG GOETHE
27980;VIA NICOLA GOGOL
28000;VIA PIER GABRIELE GOIDANICH
28050;VIA GOITO
28100;VIA CARLO GOLDONI
28150;VIA TULLO GOLFARELLI
28200;VIA GOLFREDA
28250;VIA ENRICO GOLINELLI
28300;VIA DE' GOMBRUTI
28350;VIA DEL GOMITO
28400;VIA GORIZIA
28420;VIA MASSIMO GORKI
28430;VIA MICHELE GORTANI
28440;ROTONDA BITTISIA GOZZADINI
28450;VIALE GIOVANNI GOZZADINI
28480;VIA GUIDO GOZZANO
28490;ROTONDA GIUSEPPE GOZZETTI
28500;VIA BENOZZO GOZZOLI
28550;VIA GIUSEPPE GRABINSKI
28570;VIA DEI GRACCHI
28600;VIA DELLA GRADA
28650;VIA ANTONIO GRAMSCI
28670;ROTONDA GRANATIERI DI SARDEGNA
28700;VIA ACHILLE GRANDI
28740;VIA ANNA GRASSETTI
28750;VIA DELLA GRAZIA
28770;ROTONDA VERENIN GRAZIA
28800;VIA ANTONIO GRAZIADEI
28840;VIA ERCOLE GRAZIANI
28850;VIA GRAZIANO
28880;VIA GREGORIO XIII
28900;VIA DEL GRETO
28950;VIA RUGGERO GRIECO
29000;VIA DE' GRIFFONI
29050;VIA PADRE FRANCESCO GRIMALDI
29100;VIA LEONELLO GROSSI
29150;VIA FRATELLI GRUPPI
29180;ROTONDA BRUNO GUALANDI
29200;VIA GIUSEPPE CESARE GUALANDI
29210;VIA HENGHEL GUALDI
29230;VIA DON LUIGI GUANELLA
29250;VIA ALESSANDRO GUARDASSONI
29300;VIA FRANCESCO GUARDI
29350;VIA DELLA GUARDIA
29370;VIA FEDERIGO GUARDUCCI
29400;VIA DEL GUASTO
29450;VIA GUAZZALOCA
29480;VIA PIETRO GUBELLINI
29500;VIA LINO GUCCI
29550;VIA GUELFA
29600;VIA GUERRAZZI
29650;VIA OLINDO GUERRINI
29700;VIA DOMENICO GUGLIELMINI
29730;ROTONDA TOMMASINA GUIDI
29750;VIA GIUSEPPE GUIDICINI
29800;VIA ALESSANDRO GUIDOTTI
29850;VIA GUIDO GUINIZELLI
29870;VIA EVARISTO GUIZZARDI
29880;VIA DELL'IDRAULICO
29900;PIAZZALE MARIO JACCHIA
29950;VIA JACOPO DELLA LANA
30000;VIA JACOPO DELLA QUERCIA
30050;VIA JACOPO DI PAOLO
30080;VIA PIERO JAHIER
30100;VIA DI JANO
30130;VIA IMOLA
30140;VIA DELL'INCISORE
30150;VIA DELL'INDIPENDENZA
30160;PIAZZA RENZO IMBENI
30180;VIA DELL'INDUSTRIA
30200;VIA DELL'INFERNO
30240;VIA SCIPIONE INNOCENTI
30250;VIA INNOCENZO DA IMOLA
30280;VIA DELL'INTAGLIATORE
30300;VIA PIETRO INVITI
30350;VIA DI JOLA
30400;VIA IRNERIO
30450;VIA S.ISAIA
30500;PIAZZA DI PORTA S.ISAIA
30520;CORTE ISOLANI
30550;VIA DELL'ISONZO
30570;VIA ISTRIA
30580;ROTONDA ITALIA
30600;VIA CARLO JUSSI
30620;VIA MARTIN LUTHER KING
30630;VIA KHARKOV
30640;VIA ROBERTO KOCH
30650;VIA DE LA BOVA
30660;VIA ANTONIO LABRIOLA
30670;VIA UGO LA MALFA
30680;PIAZZA GRIGORIS LAMBRAKIS
30700;VIA DELLE LAME
30750;MURA DI PORTA LAME
30800;VIA DEI LAMPONI
30820;VIA BRUNO LANZARINI
30830;VIA LANCIANO
30840;VIA DEI LAPIDARI
30850;VIA LARGA
30860;VIA GIORGIO LA PIRA
30870;VIA GIUSEPPE ANTONIO LANDI
30900;VIA DELLE LASTRE
30950;VIA TOMMASO LAURETI
31000;VIA DEL LAVORO
31030;ROTONDA LAVORATORI LICENZIATI PER RAPPRESAGLIA
31050;VIA LAZIO
31100;VIA DEL LAZZARETTO
31130;ROTONDA ANTONIO LECCHI
31150;VIA SILVESTRO LEGA
31170;VIA ALBERTO LEGNANI
31180;VIA DEL LEGATORE
31200;VIA LEGNANO
31250;VIA LELIO DALLA VOLPE
31300;VIA ERCOLE LELLI
31350;VIA LEMONIA
31370;VIALE ILIC ULJANOV LENIN
31400;VIA UGO LENZI
31500;VIA S.LEONARDO
31550;VIA LEONARDO DA VINCI
31600;VIA RUGGERO LEONCAVALLO
31650;GALLERIA DEL LEONE
31700;VIA GIACOMO LEOPARDI
31750;VIA DE' LEPROSETTI
31780;LARGO CARD. GIACOMO LERCARO
31800;VIA LETIZIA
31850;VIA ANTONIO LEVANTI
31880;VIA TULLIO LEVI CIVITA
31890;VIA DELLA LIBERA PROFESSIONE
31900;VIA S. LIBERATA
31910;PIAZZA LIBER PARADISUS
31930;ROTONDA DELLA LEONA
31940;VIA PIETRO LIANORI
31950;VIA DELLA LIBERAZIONE
32000;VIA DELLA LIBERTA'
32050;VIA LIBIA
32100;VIA LICINIA
32130;VIA LIDICE
32150;VIA LIGURIA
32180;VIALE ABRAMO LINCOLN
32200;VIA AMEDEO LIPPARINI
32230;PIAZZA GIUSEPPE LIPPARINI
32250;VIA LIPPO DI DALMASIO
32280;VIA DEL LITOGRAFO
32300;VIA GIOVANNI LIVRAGHI
32350;VIA LODERINGO DEGLI ANDALO'
32380;VIA IVO LOLLINI
32400;VIA ALFONSO LOMBARDI
32450;VIA LOMBARDIA
32460;VIA JACK LONDON
32470;VIA LONGARONE
32480;VIA MARIO LONGHENA
32490;VIA A. E P. LORENZETTI
32500;VIA S.LORENZO
32510;VIA LUIGI LONGO
32520;VIA ROBERTO LONGHI
32530;VIA LORENZO DA BAGNOMARINO
32550;VIA PIETRO LORETA
32600;VIALE LIBERO LOSSANTI
32650;VIA DI S.LUCA
32700;VIA LUCANIA
32740;VIA ARRIGO LUCCHINI
32750;VICOLO S.LUCIA
32760;VIA VITTORIO LUGLI
32770;VIA LUGO
32780;VIA DELLA LUNA
32800;VICOLO LURETTA
32810;VIALE LUNGOSAVENA
32850;VIA DAL LUZZO
32890;VIA GIORGIO MACCAFERRI
32900;VIA MACCAFERRO
32950;VIA DEL MACELLO
33000;VIA DEI MACERI
33050;VIA NICOLO' MACHIAVELLI
33080;VIA MAESTRI DEL LAVORO
33090;ROTONDA PRINCIPESSA MAFALDA DI SAVOIA
33100;VIA ARGIA MAGAZZARI
33150;VIA FERDINANDO MAGELLANO
33200;VIA AMBROGIO MAGENTA
33250;VIA MAGGIA
33300;PIAZZA MAGGIORE
33350;STRADA MAGGIORE
33400;PIAZZA DI PORTA MAGGIORE
33450;VIA GIOVANNI ANTONIO MAGINI
33500;VIA FERRUCCIO MAGNANI
33510;ROTONDA IGNAZIO MAGNANI
33530;VIA FRANCESCO MAGNI
33540;VIA PIETRO MAINOLDI
33550;VIA AUGUSTO MAJANI
33580;VIA DOMENICO MAJOCCHI
33600;VIA QUIRINO MAJORANA
33630;VIA GIUSEPPE MALAGOLI
33650;VIA FAUSTINO MALAGUTI
33680;ROTONDA ONORATO MALAGUTI
33700;VIA ERRICO MALATESTA
33750;VIA MALCONTENTI
33800;VICOLO MALGRADO
33830;ROTONDA CESARE MALOSSI
33850;VIA MALPERTUSO
33900;PIAZZA MALPIGHI
33950;VIA MALTA
34000;VIA INNOCENZO MALVASIA
34050;VIA MALVEZZA
34100;VIA MALVOLTA
34150;VIA GOFFREDO MAMELI
34200;VIA S.MAMOLO
34250;PIAZZA DI PORTA S.MAMOLO
34280;VIA LUCIANO MANARA
34290;VIA M. E L. MANCINELLI
34300;VIA ANTONIO MANCINI
34350;VICOLO MANDRIA
34400;VIA EUSTACHIO MANFREDI
34450;VIA DELLA MANIFATTURA
34500;VIA DANIELE MANIN
34550;VIA ANDREA MANTEGNA
34580;VIA ALDO PIO MANUZIO
34590;VIA ALBERTO MANZI
34600;VIA MANZONI
34650;VIA ANSELMO MARABINI
34700;VIA S.MARCELLINO
34750;VIA BENEDETTO MARCELLO
34800;VIA MARCHE
34850;VIA MARCHESANA
34860;ROTONDA LEONILDO MARCHESELLI
34900;VIA GIOVANNI MARCHETTI
34950;VIA ROSSANO MARCHIONI
35000;VIA CARLOTTA MARCHIONNI
35030;VIA MARCO ANTONIO
35050;VIA MARCO CELIO
35100;VIA MARCO EMILIO LEPIDO
35150;GALLERIA GUGLIELMO MARCONI
35200;VIA GUGLIELMO MARCONI
35250;VIA MARCO POLO
35260;VIA GIULIO MARCOVIGI
35270;VIA DON OLINTO MARELLA
35300;VIA LUCA MARENZIO
35350;VIA MARESCALCHI
35370;PASSAGGIO A. MARESCALCHI
35380;VIA GALEAZZO MARESCOTTI
35400;VIA S.MARGHERITA
35450;VIA S. MARGHERITA AL COLLE
35500;VIA S.MARIA
35550;VIA S.MARIA MAGGIORE
35580;VIA ANGELO MARIANI
35600;VIA VIRGINIA MARINI
35650;VICOLO MARISCOTTI
35700;VIA PIERO MARONCELLI
35750;VIA MARSALA
35800;VIA MARSILI
35850;VIA TOMMASO MARTELLI
35900;VIA PIER JACOPO MARTELLO
35930;VIA DEMETRIO MARTINELLI
35950;VIA VINCENZO MARTINELLI
35970;VIA GIOVAN BATTISTA MARTINETTI
35990;ROTONDA MARTIRI DELLE FOIBE
36000;VIA GIANBATTISTA MARTINI
36050;VIA PAOLO G. MARTINI
36100;PIAZZA S.MARTINO
36150;PIAZZA DEI MARTIRI 1943-1945
36170;VIA MARTIRI CROCE DEL BIACCO
36180;VIA MARTIRI DI MONTE SOLE
36200;VIA GIUSEPPE MARTUCCI
36230;VIA CARLO MARX
36250;VIA MARZABOTTO
36280;VIA MARZIALE
36300;VIA MASACCIO
36350;VIA PIETRO MASCAGNI
36400;VIA MASCARELLA
36450;PIAZZA DI PORTA MASCARELLA
36500;VIA OTTAVIANO MASCHERINO
36550;VIA ALFIERI MASERATI
36600;VIA CORRADO MASETTI
36650;VIA ERNESTO MASI
36700;VIA MASSENZIO MASIA
36750;VIALE ANGELO MASINI
36780;VIA MASSA CARRARA
36800;VIA GIUSEPPE MASSARENTI
36850;VIA GIOVANNI MASSEI
36900;VIA ALBERTO MASSONE
36950;VIA DEL MASTELLETTA
37000;VIA ENRICO MATTEI
37050;VIA STANISLAO MATTEI
37100;VIA GIACOMO MATTEOTTI
37150;VIA PELLEGRINO MATTEUCCI
37170;VIA PIETRO DI MATTIOLO
37200;VIA DE' MATTUIANI
37250;VIA GIUSEPPE MAZZA
37300;VIA MAZZINI
37350;VIA CORRADO MAZZONI
37400;PIAZZA DELLE MEDAGLIE D'ORO
37430;VIA MICHELE MEDICI
37450;VIA MARIA MELATO
37500;VIALE MASSIMO MELICONI
37550;VIA GIOV.BATTISTA MELLONI
37600;VIA DEL MELONCELLO
37650;VIA MELOZZO DA FORLI'
37660;VIA ALBERTO MENARINI
37670;VIA ESTRO MENABUE
37680;VIA VINCENZO MENGHINI
37690;VIA ALESSANDRO MENGANTI
37700;VIA PIETRO MENGOLI
37750;VIA GIUSEPPE MENGONI
37800;VIA CIRO MENOTTI
37850;VIA MENTANA
37870;VIA FRANCESCO S. MERCADANTE
37900;PIAZZA DELLA MERCANZIA
37930;VIA GIROLAMO MERCURIALE
37950;VIA ANTONIO MEUCCI
38000;VIA MEZZACOSTA
38030;ROTONDA ORSOLA MEZZINI
38050;VIA DI MEZZO
38100;VIA GIUSEPPE MEZZOFANTI
38150;PIAZZA S.MICHELE
38200;PIAZZALE S.MICHELE IN BOSCO
38300;VIA MICHELINO
38350;VIA FRANCESCO PAOLO MICHETTI
38400;PIAZZA ADAM MICKIEWICZ
38450;VIA FULVIO MILANI
38480;VIA MILANO
38500;VIA MILAZZO
38550;VIA PIETRO MILIANI
38600;VIA DEI MILLE
38650;VIA DEL MILLIARIO
38700;VIA MINCIO
38720;VIA GIUSEPPE MINGANTI
38730;ROTONDA SANTE MINGAZZI
38750;PIAZZA MINGHETTI
38800;VIA DON GIOVANNI MINZONI
38850;VIA MIRAMONTE
38900;VIA MIRASOLE
38930;VIA DEI MIRTILLI
38940;VIA MISA
38950;VIA GIUSEPPE MARIA MITELLI
38970;VIA DEL MOBILIERE
38980;VIA MODENA
39000;VIA GUSTAVO MODENA
39050;VIA AMEDEO MODIGLIANI
39060;ROTONDA GIUSEPPE MODONESI
39080;VIA MOLIERE
39090;LARGO GIOV. IGNAZIO MOLINA
39100;VIA DELLE MOLINE
39150;VIA PIER PAOLO MOLINELLI
39170;VIA MOLINO DI PESCAROLA
39200;VIA MOLISE
39250;VIA DE' MONARI
39300;VIA UMBERTO MONARI
39350;VIA MONDO
39380;VIA RODOLFO MONDOLFO
39400;VIA DEL MONTE
39410;VIA INDRO MONTANELLI
39450;VIA DI MONTE ALBANO
39500;VIA MONTEBELLO
39550;VIA DI MONTE DONATO
39600;VIA MONTEFIORINO
39650;VIA MONTE GRAPPA
39700;VIA MONTELLO
39730;VIA MONTELUNGO
39750;VIA MONTENERO
39800;VIA BRUNO MONTERUMICI
39850;VIA CLAUDIO MONTEVERDI
39880;ROTONDA CORIOLANO MONTI
39900;VIA GAETANO MONTI
39950;VICOLO MONTICELLI
40000;VIA MORANDI
40050;PIAZZETTA GIORGIO MORANDI
40100;VIA MORAZZO
40150;VIA DELLE MORE
40200;VIA DOMENICO MORELLI
40250;VIA GIOVAN BATTISTA MORGAGNI
40280;VIALE ALDO MORO
40300;VIA VOLFANGO AMEDEO MOZART
40330;VIA BRUNO MUGELLINI
40360;VIA ATTILIO MUGGIA
40380;VIA DEL MURATORE
40400;VIA PASQUALE MURATORI
40450;VIA AUGUSTO MURRI
40500;VIA ANGELO MUSCO
40550;VIA DE' MUSEI
40600;PIAZZETTA CARLO MUSI
40650;VIA FRATELLI MUSI
40700;VIA MARIO MUSOLESI
40750;VIA SALVATORE MUZZI
40800;VIA ETTORE NADALINI
40830;VIA GASPARE NADI
40850;VIA JODICHE NALDI
40880;VIA ERCOLE NANI
40900;VIA NINO NANNETTI
40910;VIA PAOLO NANNI COSTA
40920;VIA NAPOLI
40930;PIAZZALE GIOVANNI BATTISTA NASALLI ROCCA
40940;VIA GIOVANNI NATALI
40950;VIA DEL NAVILE
41000;VIA LUIGI NEGRELLI
41030;VIA ADA NEGRI
41040;ROTONDA NEGRONI
41060;VIA PIETRO NENNI
41080;VIA PABLO NERUDA
41100;PIAZZA DEL NETTUNO
41150;VICOLO DELLA NEVE
41200;VIA ISACCO NEWTON
41250;VIA S.NICOLO'
41300;VIA NICOLO' DALL'ARCA
41350;VIA S.NICOLO' DI VILLOLA
41400;VIA IPPOLITO NIEVO
41430;LARGO BARTOLO NIGRISOLI
41450;VIA NORMANDIA
41500;VIA NOSADELLA
41550;GALLERIA DEI NOTAI
41600;VIA GIACOMO FILIPPO NOVARO
41650;VIA ERMETE NOVELLI
41660;ROTONDA DON GIUSEPPE NOZZI
41670;VIA FRANCESCO NULLO
41700;VIA NUOVA
41720;VIA NUOVA BAZZANESE
41730;VIA TAZIO NUVOLARI
41750;VIA GUGLIELMO OBERDAN
41780;VIA CAMILLO OBLACH
41800;VIA DELLE OCHE
41850;VIA ODOFREDO
41900;VIA ALDO OGNIBENE
41950;VICOLO OLANDA
42000;VIA OLEARI
42050;VIA OLMETOLA
42100;VIA DEGLI OLMI
42150;VIA GINO ONOFRI
42200;VIA DEGLI OREFICI
42250;VIA MARCELLO ORETTI
42300;VIA ORFEO
42350;VIALE ALFREDO ORIANI
42400;VIA FRANCESCO ORIOLI
42430;VIA DON LUIGI ORIONE
42450;VIA PELLEGRINO A. ORLANDI
42500;VIA DELL'ORO
42550;VIA DELL'ORSO
42580;VIA FRANCESCO ORSONI
42600;VIA DEGLI ORTI
42650;VICOLO DELL'ORTO
42700;VIA DEGLI ORTOLANI
42750;VIA OSLAVIA
42780;VIA OSOPPO
42790;VIA DELL'OSPEDALE
42800;VIA DELL'OSPEDALETTO
42850;VIA DELL'OSSERVANZA
42900;PIAZZA DELL'OTTO AGOSTO
42950;VICOLO OTTO COLONNE
43000;VIA GIUSEPPE PACCHIONI
43050;PIAZZA DELLA PACE
43100;VIA ANTONIO PACINOTTI
43150;VIA DI PADERNO
43170;VIA MAURIZIO PADOA
43180;VIA PADOVA
43200;VIA NICCOLO' PAGANINI
43250;VIA PAGLIA
43300;VICOLO PAGLIA CORTA
43350;VIA PAGLIETTA
43380;VIA PAGNO DI LAPO PORTIGIANI
43400;VIA DEL PAGNONE
43450;VIA PELAGIO PALAGI
43480;PASSAGGIO GIOVANNI PALATUCCI
43500;VIA DEL PALEOTTO
43550;VIA PALESTRO
43580;VIA ANDREA PALLADIO
43600;VIA PALLAVICINI
43650;VIA DEL PALLONE
43700;VIA GIACOMO PALLOTTI
43750;VIA DELLA PALMA
43800;VIA GIANNI PALMIERI
43820;ROTONDA LEONE PANCALDI
43830;VIA RINO PANCALDI
43850;VIA DEL PANE
43880;VIA PIO PANFILI
43900;VIA PANIGALE
43950;VIALE ENRICO PANZACCHI
43970;VIA ALFREDO PANZINI
43980;VIA GIOVANNI PAPINI
43990;ROTONDA ROMANO PARADISI
44000;VIA PARADISO
44020;PIAZZALE ALFIO PAPPALARDO
44050;VIA DEL PARCO
44100;VIA PARIGI
44150;VIA GIUSEPPE PARINI
44200;VIA PARISIO
44230;VIA PARMA
44250;VIA AMEDEO PARMEGGIANI
44270;VIA FERRUCCIO PARRI
44300;VIA DEL PARTIGIANO
44350;VIA GIOVANNI PASCOLI
44360;VIA LORENZO PASINELLI
44400;VIA PARIDE PASQUALI
44450;VIA NICOLO' PASQUALI ALIDOSI
44500;VIA BARTOLOMEO PASSAROTTI
44550;VICOLO DEL PASSO
44580;VIA LUIGI PASTEUR
44600;VIA PASTRENGO
44650;VIA PASUBIO
44670;VIA CESARE PAVESE
44680;VIA VITTORIO PEGLION
44690;VIA DEL PELAGO
44700;VICOLO PELLEGRINO
44730;VIA SILVIO PELLICO
44750;VIA PELLIZZA DA VOLPEDO
44800;VIA PIETRO PELOTTI
44850;VIA GUGLIELMO PEPE
44900;VIA DE' PEPOLI
44950;VIALE CARLO PEPOLI
45000;VIA GIOV.BATTISTA PERGOLESI
45010;VIA GIORGIO PERLASCA
45050;VIA PERSICETANA
45100;VIA PERSICETANA VECCHIA
45150;VIA GIACOMO ANTONIO PERTI
45180;VIA AURELIANO PERTILE
45190;VIALE SANDRO PERTINI
45200;VIA DEL PERUGINO
45250;VIA PESCHERIE VECCHIE
45280;VIA LEONE PESCI
45300;VIA FRANCESCO PETRARCA
45350;VIA ETTORE PETROLINI
45400;VIA GIUSEPPE PETRONI
45450;VIA S.PETRONIO VECCHIO
45480;VIA RAFFAELE PETTAZZONI
45500;VIA GIACINTA PEZZANA
45530;VIA PIACENZA
45550;VIA PIANA
45600;VIA PIANORO
45650;VIA DE' PIATESI
45700;VIA PIAVE
45730;VIA DEL PICCHIO
45740;VIA GASTONE PICCININI
45750;VIA PIELLA
45800;VIA PIEMONTE
45850;VIA PIERO DELLA FRANCESCA
45870;VIA SAN PIER TOMMASO
45900;VIA DELLA PIETRA
45950;VIA PIETRALATA
45980;VIA PIETRANSIERI
46000;VIALE PIETRO PIETRAMELLARA
46020;VIA PIETRO DA ANZOLA
46030;VIA PIEVE DI CADORE
46050;VIA DE' PIGNATTARI
46100;VIA DEL PILASTRO
46130;VIA GAETANO PILATI
46150;VIA FRATELLI PINARDI
46170;GIARDINO SALVATORE PINCHERLE
46200;GALLERIA DEL PINCIO
46250;VIA PINTURICCHIO
46300;VIA SAN PIO V
46320;VIA ANGELO PIO'
46350;VIA DEL PIOMBO
46400;VIA PIOPPE
46430;VIA LUIGI PIRANDELLO
46450;VIA PIRATINO
46500;VIA CARLO PISACANE
46550;VIA NICOLO' PISANO
46600;VIA CARLO ALBERTO PIZZARDI
46620;VIA GUGLIELMO PIZZIRANI
46650;VIA PO
46700;VOLTONE DEL PODESTA'
46750;VIA PODGORA
46780;VIA EDGARD ALLAN POE
46800;VIA DE' POETI
46850;VIA DEL POGGIO
46900;VIA POLESE
46950;VIALE STENIO POLISCHI
47000;VIA ANGIOLO POLIZIANO
47030;VIA AUGUSTO POLLASTRI
47050;VIA PIETRO POMPONAZZI
47100;VIA POMPONIA
47150;VIA AMILCARE PONCHIELLI
47180;VIA DEL PONTELUNGO
47200;VIA PONTE ROMANO
47230;VIA PONTEVECCHIO
47250;VIA PONTIDA
47270;VIA POPULONIA
47300;VIA PORRETTANA
47350;VIA CARLO PORTA
47400;VIA PORTA DI CASTELLO
47450;VIA PORTANOVA
47500;VIA PORTAZZA
47550;VIA DEL PORTO
47600;VICOLO POSTERLA
47650;VIA DEI POZZETTI
47700;VIA DEL POZZO
47750;VIA CAMILLO PRAMPOLINI
47800;VIA DEL PRATELLO
47850;VICOLO DEI PRATI
47900;VIA PRATI DI CAPRARA
47930;LARGO DEMETRIO PRESINI
47950;VIA DE' PRETI
48000;VIA GAETANO PREVIATI
48050;VIA FRANCESCO PRIMATICCIO
48100;VIA CLEMENTE PRIMODI'
48150;VIA CAMILLO PROCACCINI
48200;VIA S.PROCOLO
48230;VIA LUCIANO PRONI
48240;VIA GIAN LUIGI PROTCHE
48250;VIA ALFREDO PROTTI
48300;VIA BARTOLOMEO PROVAGLIA
48350;VIA GIACOMO PUCCINI
48400;VIA PUGLIE
48450;VIA AUGUSTO PULEGA
48500;VIA PUNTA
48550;PIAZZA VITTORIO PUNTONI
48570;VIA GIULIO CESARE PUPILLI
48600;VIA VITTORIO PUTTI
48650;VIA ARMANDO QUADRI
48700;VICOLO QUARTIROLO
48750;VIA QUARTO DI SOPRA
48800;VIA QUATTRO NOVEMBRE
48830;VIA RAGAZZI DEL '99
48850;VIA MARC'ANTONIO RAIMONDI
48900;VIA GEROLAMO RAINALDI
48950;VIA BERNARDINO RAMAZZINI
48970;VIA BARTOLOMEO RAMENGHI
49000;VIA DELLA RAMPA
49030;RAMPA MAGG. LEOPOLDO SERRA
49050;VICOLO RANOCCHI
49100;VIA ANNIBALE RANUZZI
49150;VIA CAMILLO RANZANI
49200;VIA PIER ANTONIO RAPPINI
49250;VIA LUIGI RASI
49300;PIAZZA PORTA RAVEGNANA
49330;VIA RAVENNA
49350;VIA DI RAVONE
49370;VIA ENRICO REDENTI
49400;PIAZZA RE ENZO
49450;VIA FILIPPO RE
49470;ROTONDA 35â–‘ REGGIMENTO FANTERIA PISTOIA
49480;VIA REGGIO EMILIA
49500;VIA ORESTE REGNOLI
49550;VIA VIRGINIA REITER
49600;VIA REMORSELLA
49650;VIA GUIDO RENI
49700;GALLERIA DEL RENO
49750;VIALE DELLA REPUBBLICA
49800;PIAZZA DELLA RESISTENZA
49850;LARGO RESPIGHI
49900;VIA RIALTO
49950;VIA CORRADO RICCI
50000;VIA DEL RICCIO
50050;VIA LUIGI RICCOBONI
50100;VIA AUGUSTO RIGHI
50150;VIA RINALDO RIGOLA
50200;VIA RIGOSA
50250;VIA RIMESSE
50280;VIA RIMINI
50290;VIA RIO POLO
50300;VIA FRANCESCO RISMONDO
50350;VIALE DEL RISORGIMENTO
50400;VIA ADELAIDE RISTORI
50450;VIA S.RITA
50500;VIA RIVABELLA
50550;VIA RIVA DI RENO
50570;VIA GIUSEPPE RIVANI
50590;VIA RIZZOLA LEVANTE
50600;VIA RIZZOLI
50650;VIA FRANCESCO ROCCHI
50700;VIA GINO ROCCHI
50730;VIA SAN ROCCO
50740;ROTONDA ENRICO BRUNETTI RODATI
50750;VIA ROLANDINO
50770;VIA GIUSEPPE ROLLI
50780;VIALE ROMA
50800;VIA ROMAGNA
50850;VIA AUGUSTO ROMAGNOLI
50880;ROTONDA LUCIANO ROMAGNOLI
50900;VIA ROMITA
50950;VIA RONCAGLIO
50980;ROTONDA AMILCARE RONCARATI
51000;VIA FRANCESCO RONCATI
51050;VIA DI RONCRIO
51100;VIA RONDELLA
51150;VIA DELLA RONDINE
51200;VIA DEL RONDONE
51250;PIAZZA FRANCKLIN D. ROOSEVELT
51300;VIA ROSARIO
51350;VIA DEI ROSASPINA
51400;VIA DELLE ROSE
51420;VIA ROSELLE
51430;VIA ANTONIO ROSMINI
51450;VIA FRATELLI ROSSELLI
51470;VIA PROPERZIA DE ROSSI
51500;VIA GASTONE ROSSI
51550;VIA PELLEGRINO ROSSI
51600;PIAZZA ROSSINI
51650;VIA ROTTA
51700;VIA DI ROVERETOLO
51750;VIA ALBERTO ROVIGHI
51800;VIA ALFONSO RUBBIANI
51850;VIA S.RUFFILLO
51860;VIA ANGELO RUFFINI
51870;VIA TITTA RUFFO
51900;VIA RUGGERO RUGGERI
51950;VIA GIUSEPPE RUGGI
52000;VIA DE' RUINI
52050;VIA DELLE RUOTE
52070;VIA RINO RUSCELLO
52100;VIA CARLO RUSCONI
52130;VIA LORENZO SABATINI
52150;VIA FRANCESCO SABATUCCI
52200;VIA DEI SABBIONI
52250;VIA DI SABBIUNO
52260;VIALE VITTORIO SABENA
52300;VIA SABOTINO
52350;VIA GIOVANNI ANTONIO SACCO
52380;VIA SACCO E VANZETTI
52400;VIA AURELIO SAFFI
52430;VIA EMILIO SALGARI
52450;VIA DI SALICETO
52470;VIA ANTONIO SALIERI
52500;VIA DELLA SALITA
52520;VIA DON GIULIO SALMI
52550;VIA DELLA SALUTE
52580;VIALE GAETANO SALVEMINI
52600;VIA TOMMASO SALVINI
52650;VIA ORAZIO SAMACCHINI
52700;VIA ALFONSO SAMOGGIA
52750;VIA SAMPIERI
52780;VIA ELEONORA SANGUINETTI
52800;VIA SANTA
52850;VIA SANTORRE DI SANTAROSA
52900;VIA RAFFAELLO SANZIO
52930;VIA GIUSEPPE SARAGAT
52950;VIA SARAGOZZA
53000;MURA DI PORTA SARAGOZZA
53050;PIAZZA DI PORTA SARAGOZZA
53100;VIA SARDEGNA
53140;VIA ARMANDO SARTI
53150;VIA MAURO SARTI
53200;VIA NAZARIO SAURO
53230;VIA SAVENA ANTICO
53250;VIA SAVENELLA
53270;VIA SAVIGNO
53300;VIA S.SAVINO
53350;VIA LODOVICO SAVIOLI
53400;VIA SAVONA
53430;VIA GEROLAMO SAVONAROLA
53440;VIALE OSCAR SCAGLIETTI
53450;VIA DEGLI SCALINI
53500;VIA DELLO SCALO
53550;VIA SCANDELLARA
53600;PIAZZA ANTONINO SCARAVILLI
53650;VIA DOMENICO SCARLATTI
53700;VIA FILIPPO SCHIASSI
53730;ROTONDA ANGELO SCHIAVIO
53750;VIA SCHIAVONIA
53800;VIA AMATORE SCIESA
53850;VIA SCIPIONE DAL FERRO
53900;VIA ALESSANDRO SCORZONI
53950;VIA NINO BIXIO SCOTA
54000;VIA DELLE SCUOLE
54050;VIA S.SEBASTIANO
54100;VIA DELLA SECCHIA
54110;VIA TORQUATO SECCI
54150;VIA GIOVANNI SEGANTINI
54180;VIA DEL SELCIATORE
54200;VIA FRANCESCO SELMI
54250;VIA DELLA SELVA PESCAROLA
54300;VIA SENZANOME
54320;VIA SERAGNOLI
54330;VIA FRANCESCO SERATO
54350;VIA SERENA
54400;VIA SEBASTIANO SERLIO
54430;PIAZZETTA DEI SERVI DI MARIA
54450;VIA LUIGI SERRA
54460;VIA DELLE SERRE
54470;VIA DEI SETTE LEONCINI
54480;VIA SESTO SAN GIOVANNI
54500;VIA LUIGI SETTEMBRINI
54550;PIAZZA VII NOVEMBRE 1944
54580;VIA WILLIAM SHAKESPEARE
54600;VIA SICILIA
54650;VIA SIEPELUNGA
54680;VIA LINO SIGHINOLFI
54700;VIA S.SIGISMONDO
54750;VIA LUCA SIGNORELLI
54800;VIA TELEMACO SIGNORINI
54830;VIA IGNAZIO SILONE
54850;VIA CARLO SIGONIO
54900;VIA LUIGI SILVAGNI
54950;VIALE ANTONIO SILVANI
54980;VIA SIMONE DEI CROCEFISSI
55000;VIA S.SIMONE
55050;VIA RENATO SIMONI
55100;VIA ELISABETTA SIRANI
55150;VIA SMERALDO
55160;VIA DELLO SMISTAMENTO
55180;VIA ARTURO SOLARI
55200;VIA DEL SOLE
55250;VIA SOLFERINO
55300;VIA ALBANO SORBELLI
55350;VIA DEL SOSTEGNAZZO
55400;VIA DEL SOSTEGNO
55450;VIA GASTONE SOZZI
55500;VIA LIONELLO SPADA
55550;VIA ARMANDO SPADINI
55570;PIAZZA GIOVANNI SPADOLINI
55600;VIA DELLO SPALTO
55630;VIA SPARTACO
55650;VIA GIOVANNI SPATARO
55700;VIA SPERANZA
55750;VIA TITO SPERI
55770;VIA SPINA
55800;VIA DELLO SPIRAGLIO
55850;VICOLO SPIRITO SANTO
55900;VIA DELLO SPORT
55950;VIA STALINGRADO
56000;VIA DELLO STALLO
56050;VIA STAZIONE ROVERI
56070;VIA ENEA STEFANI
56100;VIA S.STEFANO
56150;PIAZZA DI PORTA S.STEFANO
56180;VIA STENDHAL
56200;VIA DELLO STERLINO
56250;VIA ANTONIO STOPPANI
56300;VIA ALESSANDRO STOPPATO
56330;VIA RICCARDO STRACCIARI
56350;VICOLO STRADELLACCIO
56370;VIA DEGLI STRADELLI GUELFI
56400;VIA STRAZZACAPPE
56450;VIA DON LUIGI STURZO
56470;VIA SURROGAZIONE RENO
56480;VIA ITALO SVEVO
56490;VIA DOMENICO SVAMPA
56500;VIA GAETANO TACCONI
56520;VIA FRANCESCO TADOLINI
56550;VIA GASPARE TAGLIACOZZI
56600;VIA TAGLIAMENTO
56650;VIA TAGLIAPIETRE
56680;ROTONDA FABIO TAGLIONI
56700;VIA FRANCESCO TAMAGNO
56750;VIA CLOTILDE TAMBRONI
56800;VIA LUIGI TANARI
56850;VIA TANARI VECCHIA
56880;VIA DEL TAPPEZZIERE
56890;VIA ALESSANDRO TARTAGNI
56900;VIA GIUSEPPE TARTINI
56950;VIA CESARE TARUFFI
57000;VIA TORQUATO TASSO
57050;VIA ALESSANDRO TASSONI
57100;VIA SERGIO TAVERNARI
57110;ROTONDA TAXISTI VITTIME STRAGE 2 AGOSTO 1980
57120;VIA RENATO TEGA
57130;VIA BERNARDINO TELESIO
57150;VIA GIUSEPPE TELLERA
57180;VIA UMBERTO TERRACINI
57190;VIA DEI TERRAIOLI
57200;VIA DEL TERRAPIENO
57250;VIA DEI TERRIBILIA
57280;VIA FILIPPO  TERZI
57300;VIA MAURO TESI
57350;VIA DEI TESSITORI
57400;VIA ALFREDO TESTONI
57450;VIA TEVERE
57500;VIA ALESSANDRO TIARINI
57550;VIA PELLEGRINO TIBALDI
57600;VIA GIANBATTISTA TIEPOLO
57650;VIA DEL TIMAVO
57670;VIA GINO TINOZZI
57700;VIA TINTORETTO
57730;VIA DEL TIPOGRAFO
57750;VIA BENVENUTO TISI
57800;VIA TIZIANO VECELLIO
57850;VIA FRANCESCO TODARO
57900;VIA DELLE TOFANE
57950;VIA VINCENZO TOFFANO
57980;VIALE PALMIRO TOGLIATTI
58000;VIA TOLMINO
58050;VIA LEONE TOLSTOI
58070;VIA CLETO TOMBA
58100;VIA NICOLO' TOMMASEO
58150;VIA GIACOMO TOMMASINI
58160;VIA SAN TOMMASO DEL MERCATO
58170;VIA GIUSEPPE TORELLI
58190;VIA TORINO
58200;VIA TORLEONE
58230;VIA DEL TORNITORE
58250;GALLERIA DEL TORO
58300;VIA DELLA TORRE
58350;VIA ALFONSO TORREGGIANI
58400;VIA DELLA TORRETTA
58420;ROTONDA GIUSEPPE ANTONIO TORRI
58450;VIA TORRIANE
58500;VIA EVANGELISTA TORRICELLI
58550;VIA BRUNO TOSARELLI
58600;VIA TOSCANA
58650;VIA ARTURO TOSCANINI
58700;VIA DE' TOSCHI
58750;VIA LUCA A.TOSI BELLUCCI
58800;VIA LUCIANO TOSO MONTANARI
58850;VIA DELLE TOVAGLIE
58900;VIA DEL TRAGHETTO
58950;VIA DELLA TRAPPOLA
58970;VIA TRATTATI COMUNITARI EUROPEI 1957-2007
58980;VIA ALBERTO TRAUZZI
59000;VIA TRAVERSA
59050;VIA ORESTE TREBBI
59100;VIA DEL TREBBO
59150;PIAZZA TRENTO E TRIESTE
59200;VIA CLAUDIO TREVES
59230;VIA TREVISO
59250;VIA BARTOLOMEO TRIACHINI
59300;PIAZZA DEI TRIBUNALI
59330;VIA TRILUSSA
59350;VIA DEL TRIUMVIRATO
59400;LARGO ALFREDO TROMBETTI
59450;VICOLO TUBERTINI
59470;VIA LUIGI TUKORY
59500;VIA FILIPPO TURATI
59550;VIA TURCHESE
59590;ROTONDA DEL TUSCOLANO
59600;VIA DEL TUSCOLANO
59610;VIA DELL'UCCELLINO
59630;VIA UDINE
59650;VIA UMBRIA
59670;VIA UMBRO LORENZINI
59700;VIA GASPARE UNGARELLI
59750;VIA DELL'UNIONE
59800;PIAZZA DELL'UNITA'
59850;VICOLO URBAGA
59900;VIA URBANA
59950;VIA DEGLI USBERTI
59980;VIA GIUSEPPE VACCARO
60000;VIA VAL D'APOSA
60050;VIA VALDONICA
60100;VIA VALDOSSOLA
60130;VIA SAN VALENTINO
60150;VIA VALERIA
60200;VIA LUIGI VALERIANI
60210;VIA ONDINA VALLA
60230;VIA VALLE D'AOSTA
60240;VIA VALLE DI PREDA
60250;VIA VALLESCURA
60280;VIA VALPARAISO
60300;VIA ANTONIO MARIA VALSALVA
60350;VIA VALVERDE
60400;VIA ORESTE VANCINI
60430;VIA COSTANZO VAROLIO
60450;VIA LODOVICO VARTHEMA
60500;VIA GIORGIO VASARI
60550;VIA VASCELLI
60580;VIA VASCO DE GAMA
60600;VIA VINCENZO VELA
60630;VIA VENEZIA
60650;VIA GIACOMO VENEZIAN
60670;VIA VENTIMIGLIA
60700;PIAZZA XX SETTEMBRE
60750;VIA XX OTTOBRE 1944
60780;LARGO MARIELE VENTRE
60800;VIA XXI APRILE 1945
60850;VIA FEDERICO VENTURINI
60900;VIA ANGELO VENTUROLI
60950;VIA VERDE
61000;PIAZZA GIUSEPPE VERDI
61050;VIA GIOVANNI VERGA
61100;VIA DON GIOVANNI VERITA'
61150;VIA VERMENA
61200;VIA VERMIGLIA
61230;VIA GIULIO VERNE
61250;VIA PAOLO VERONESE
61300;VIA AMERIGO VESPUCCI
61330;VIA DEI VESTIARI
61350;VIA LUIGI VESTRI
61360;VIA DEL VETRAIO
61370;VIA VETULONIA
61400;VIA VEZZA
61450;VIA VIADAGOLA
61480;GALLERIA VIALARGA
61500;VICOLO VIAZZOLO
61530;VIA VICENZA
61550;VIALE GIOVANNI VICINI
61600;VIA GIAMBATTISTA VICO
61610;PIAZZA SERGIO VIEIRA DE MELLO
61650;VIA CORIOLANO VIGHI
61680;VIALE ROBERTO VIGHI
61700;VIA DELLA VILLA
61730;VIA DI 'VILLA PARDO'
61750;VIA VILLANOVA
61760;ROTONDA DI VILLANOVA
61800;VIA PASQUALE VILLARI
61850;VIA VINAZZETTI
61900;VIA SANTE VINCENZI
61950;VIA DELLA VIOLA
61980;VIA VITALE DA BOLOGNA
62000;VIA S.VITALE
62050;MURA DI PORTA S.VITALE
62100;PIAZZA DI PORTA S.VITALE
62150;VIA DELLE VITI
62160;LARGO VITTIME LAGER NAZISTI
62200;VIA S.VITTORE
62220;VIA VITTORIA
62250;VIA VITTORIO VENETO
62270;ROTONDA LUCHINO VISCONTI
62300;VIA DEL VIVAIO
62350;VIA ANTONIO VIVALDI
62400;VIA POMPEO VIZZANI
62450;VIA VOLONTARI DELLA LIBERTA'
62500;PIAZZA ALESSANDRO VOLTA
62530;VIA VITO VOLTERRA
62550;VIA VOLTO SANTO
62600;VIA VOLTURNO
62650;VIA RICCARDO WAGNER
62660;VIA EDOARDO WEBER
62680;VIA WILIGELMO
62690;VIA GIOVANNA ZACCHERINI ALVISI
62700;VIA ERMETE ZACCONI
62710;VIA ZACCARIA ZACCHI
62730;VIALE ZAGABRIA
62750;VIA EMILIO ZAGO
62780;VIA FRANCESCO ZAMBECCARI
62800;VIA LIVIO ZAMBECCARI
62850;VIA ZAMBONI
62900;MURA ANTEO ZAMBONI
62950;VIA FRANCESCO ZAMBRINI
63000;VIA LODOVICO ZAMENHOF
63050;VIA DOMENICO ZAMPIERI
63100;VIA FRANCESCO ZANARDI
63150;VIA ETTORE ZANIBONI
63180;VIA NICOLA ZANICHELLI
63200;VIA ANTONIO ZANNONI
63250;VIA ANTONIO ZANOLINI
63300;VIA GIAMPIETRO ZANOTTI
63350;VIA AGAMENNONE ZAPPOLI
63380;VIA AMLETO ZECCHI
63400;VIA DELLA ZECCA
63410;VIA ANTONIO ZOCCOLI
63420;VIA CESARE ZUCCARDI MERLI
63430;VIA ENZO ZONI
63450;VIA CARLO ZUCCHI
63470;VIA GUIDO ZUCCHINI
63500;VIA ARISTIDE ZUCCONI
90010;AUTOSTRADA A-14 (BO-RN)
90020;AUTOSTRADA A-14 (RN-BO)
90030;RACCORDO A-1 CON A-14
90040;RACCORDO A-14 CON A-1
90050;TANGENZIALE CASALECCHIO-SAN LAZZARO
90060;TANGENZIALE SAN LAZZARO-CASALECCHIO
90070;AUTOSTRADA A-13 (BO-PD)
90080;RACCORDO TANGENZIALE-BORGO PANIGALE
90090;RACCORDO BORGO PANIGALE-TANGENZIALE
90110;RAMPA TANG.USCITA DUE CASAL.-S.LAZZ.
90120;RAMPA TANG.USCITA DUE S.LAZZ.-CASAL.
90170;RAMPA TANG.USCITA CINQUE CASALECCHIO-S.LAZZ.
90180;RAMPA TANG.USCITA CINQUE S.LAZZ.-CASAL.
90190;RAMPA TANG.USCITA OTTO CASAL.-S.LAZZ.
90200;RAMPA TANG.USCITA OTTO S.LAZZ.-CASAL.
90210;RAMPA TANG.USCITA DIECI CASAL.-S.LAZZARO
90220;RAMPA TANG.USCITA DIECI S.LAZZARO-CASAL.
90230;RAMPA TANG.USCITA UNDICI-BIS CASAL.-S.LAZZ
90240;RAMPA TANG.USCITA DODICI CASAL.-S.LAZZARO
90250;RAMPA TANG.USCITA DODICI S.LAZZARO-CASAL.
99999;NOME VIA DA ISTITUIRE